{"created": "2020-12-06 03:09:02.781389", "duration": 1.0641775131225586, "exitcode": 2, "root": "group2", "summary": {"total": 0, "collected": 0}, "tests": [], "success": false}