{"created": 1604024916.0406778, "duration": 0.8926558494567871, "exitcode": 2, "root": "group2", "summary": {"total": 0, "collected": 0}, "tests": [], "success": false}