{"created": "2020-11-28 21:08:27.380419", "duration": 1.0471997261047363, "exitcode": 2, "root": "group2", "summary": {"total": 0, "collected": 0}, "tests": [], "success": false}