{"created": "2020-11-24 14:08:32.682950", "duration": 0.9753918647766113, "exitcode": 2, "root": "group2", "summary": {"total": 0, "collected": 0}, "tests": [], "success": false}